,tipo,no_nulos,nulos,porcentaje_nulos,valores_unicos
g013,float64,0,6560,100.0,0
a035_07,float64,1,6559,99.98475609756098,1
g014,float64,1,6559,99.98475609756098,1
industrial,float64,4,6556,99.9390243902439,3
businessfarm,float64,6,6554,99.90853658536587,6
unemployment,float64,12,6548,99.8170731707317,10
personal,float64,15,6545,99.77134146341463,15
d_com108,float64,20,6540,99.6951219512195,6
g012,float64,35,6525,99.46646341463415,9
bb_adl_num3,float64,38,6522,99.42073170731707,1
d_com101,float64,38,6522,99.42073170731707,18
d_com102,float64,38,6522,99.42073170731707,18
d_com098,float64,41,6519,99.375,2
a035_06,float64,44,6516,99.32926829268293,8
d_com060,float64,52,6508,99.20731707317073,2
exploit,float64,52,6508,99.20731707317073,26
other,float64,58,6502,99.1158536585366,33
d_com138,float64,65,6495,99.00914634146342,5
d_com093,float64,75,6485,98.85670731707317,4
d_com095,float64,75,6485,98.85670731707317,21
l_sum,float64,76,6484,98.84146341463415,3
realestateinc,float64,84,6476,98.71951219512195,40
c135,float64,91,6469,98.61280487804878,8
c133,float64,99,6461,98.49085365853658,11
d_com110,float64,104,6456,98.41463414634146,8
d_com107,float64,105,6455,98.39939024390245,2
c024m,float64,108,6452,98.35365853658537,13
c024y,float64,108,6452,98.35365853658537,36
pensionins,float64,108,6452,98.35365853658537,95
guarantee,float64,112,6448,98.29268292682927,45
sideline,float64,116,6444,98.23170731707317,36
size_c,float64,125,6435,98.09451219512195,11
c044m,float64,130,6430,98.01829268292683,13
c044y,float64,130,6430,98.01829268292683,24
d_com105,float64,134,6426,97.95731707317074,2
fromothers,float64,134,6426,97.95731707317074,44
c017m,float64,141,6419,97.85060975609755,13
c017y,float64,141,6419,97.85060975609755,23
d_com125,float64,143,6417,97.8201219512195,4
d_com137,float64,143,6417,97.8201219512195,5
d_com118,float64,143,6417,97.8201219512195,6
d_com130,float64,143,6417,97.8201219512195,22
g011,float64,144,6416,97.80487804878048,11
c039m,float64,151,6409,97.69817073170731,13
c039y,float64,151,6409,97.69817073170731,23
fromparent,float64,153,6407,97.66768292682927,19
c064m,float64,161,6399,97.54573170731707,13
c064y,float64,161,6399,97.54573170731707,20
d_com106,float64,162,6398,97.53048780487805,2
particular,float64,163,6397,97.51524390243902,57
d_com068,float64,183,6377,97.21036585365853,2
d_com015,float64,199,6361,96.96646341463413,30
a035_05,float64,206,6354,96.85975609756098,9
toothers,float64,248,6312,96.21951219512195,37
d_com104,float64,267,6293,95.9298780487805,2
c034m,float64,281,6279,95.71646341463415,13
c034y,float64,281,6279,95.71646341463415,26
wholelifeins,float64,285,6275,95.65548780487805,214
house_sum,float64,309,6251,95.28963414634146,66
c309,float64,359,6201,94.52743902439025,3
a035_03,float64,369,6191,94.375,10
bp1_2,float64,400,6160,93.90243902439023,3
g010,float64,413,6147,93.70426829268293,11
regularins,float64,418,6142,93.6280487804878,339
d_com025,float64,454,6106,93.07926829268293,17
c131,float64,465,6095,92.91158536585365,15
bb_adl_num1,float64,486,6074,92.59146341463415,5
bb_adl_num2,float64,486,6074,92.59146341463415,5
f013_n,float64,510,6050,92.22560975609755,67
bp3,float64,569,5991,91.32621951219512,3
bp4,float64,569,5991,91.32621951219512,4
bp5,float64,569,5991,91.32621951219512,10
bp6,float64,569,5991,91.32621951219512,10
g003,float64,612,5948,90.67073170731707,11
national,float64,636,5924,90.3048780487805,90
agriculture,float64,641,5919,90.22865853658537,61
n_days,float64,663,5897,89.89329268292683,52
oopm1,float64,663,5897,89.89329268292683,74
c012m,float64,673,5887,89.7408536585366,13
c012y,float64,673,5887,89.7408536585366,37
target1,float64,677,5883,89.6798780487805,2
insurance,float64,679,5881,89.64939024390245,485
g004,float64,694,5866,89.42073170731707,11
g009,float64,770,5790,88.26219512195121,11
socialwelfare,float64,771,5789,88.2469512195122,33
annuity,float64,783,5777,88.0640243902439,127
tochildren,float64,824,5736,87.4390243902439,114
socialsecurity,float64,899,5661,86.29573170731707,89
d_com145,float64,907,5653,86.17378048780488,7
financial,float64,930,5630,85.82317073170732,49
toparent,float64,951,5609,85.5030487804878,53
assetinc,float64,988,5572,84.9390243902439,86
g008,float64,1045,5515,84.0701219512195,11
c049m,float64,1052,5508,83.96341463414633,13
c049y,float64,1052,5508,83.96341463414633,40
selfemployed,float64,1086,5474,83.44512195121952,81
d_com144,float64,1098,5462,83.26219512195122,2
d_com149,float64,1098,5462,83.26219512195122,2
d_com157,float64,1098,5462,83.26219512195122,2
d_com140,float64,1098,5462,83.26219512195122,12
d_com139m,float64,1098,5462,83.26219512195122,13
d_com142,float64,1098,5462,83.26219512195122,13
d_com139y,float64,1098,5462,83.26219512195122,41
c129,float64,1164,5396,82.2560975609756,21
bm3,float64,1248,5312,80.97560975609757,3
bm4,float64,1248,5312,80.97560975609757,4
bm5,float64,1248,5312,80.97560975609757,10
bm6,float64,1248,5312,80.97560975609757,10
d_com037,float64,1279,5281,80.5030487804878,62
d_com014,float64,1294,5266,80.27439024390245,3
d_com024,float64,1294,5266,80.27439024390245,3
d_com055,float64,1294,5266,80.27439024390245,3
d_com056,float64,1294,5266,80.27439024390245,3
d_com066,float64,1294,5266,80.27439024390245,3
full_parttime,float64,1294,5266,80.27439024390245,3
d_com054,float64,1294,5266,80.27439024390245,4
d_com053,float64,1294,5266,80.27439024390245,5
d_com081,float64,1294,5266,80.27439024390245,5
d_com082,float64,1294,5266,80.27439024390245,5
d_com057,float64,1294,5266,80.27439024390245,6
d_com049,float64,1294,5266,80.27439024390245,9
d_com052,float64,1294,5266,80.27439024390245,95
wage,float64,1370,5190,79.11585365853658,165
a035_04,float64,1440,5120,78.04878048780488,10
publictrans,float64,1502,5058,77.10365853658536,198
d_com001,float64,1538,5022,76.55487804878048,8
a035_01,float64,1563,4997,76.17378048780488,10
pliabilities,float64,1592,4968,75.73170731707317,176
size_n,float64,1603,4957,75.5640243902439,108
livenear,float64,1606,4954,75.51829268292683,7
otherasset,float64,1636,4924,75.0609756097561,76
transferto,float64,1710,4850,73.9329268292683,202
c007m,float64,1717,4843,73.82621951219512,14
c007y,float64,1717,4843,73.82621951219512,40
contact1,float64,1739,4821,73.49085365853658,6
c127,float64,2164,4396,67.01219512195122,28
bp1_1,float64,2207,4353,66.35670731707317,2
c304,float64,2392,4168,63.53658536585366,2
c311,float64,2419,4141,63.125,12
c312,float64,2419,4141,63.125,57
addic,float64,2573,3987,60.77743902439025,3
c132,float64,2573,3987,60.77743902439025,5
d_com084,float64,2573,3987,60.77743902439025,5
d_com085,float64,2573,3987,60.77743902439025,5
c128,float64,2573,3987,60.77743902439025,7
c130,float64,2573,3987,60.77743902439025,7
c134,float64,2573,3987,60.77743902439025,7
c126,float64,2573,3987,60.77743902439025,9
c111,float64,2595,3965,60.4420731707317,14
c112,float64,2595,3965,60.4420731707317,29
livewithnm,float64,2627,3933,59.95426829268292,4
chronic_j,float64,2754,3806,58.018292682926834,3
d_com097,float64,2825,3735,56.9359756097561,2
d_com073,float64,2832,3728,56.82926829268292,5
d_com074,float64,2832,3728,56.82926829268292,5
d_com075,float64,2832,3728,56.82926829268292,5
d_com076,float64,2832,3728,56.82926829268292,5
d_com077,float64,2832,3728,56.82926829268292,5
d_com078,float64,2832,3728,56.82926829268292,5
d_com079,float64,2832,3728,56.82926829268292,5
d_com080,float64,2832,3728,56.82926829268292,5
d_com089,float64,2832,3728,56.82926829268292,5
d_com090,float64,2832,3728,56.82926829268292,6
status,float64,2832,3728,56.82926829268292,6
d_com092,float64,2832,3728,56.82926829268292,7
d_com031,float64,2832,3728,56.82926829268292,9
job,float64,2832,3728,56.82926829268292,12
job_startm,float64,2832,3728,56.82926829268292,14
ind,float64,2832,3728,56.82926829268292,22
job_starty,float64,2832,3728,56.82926829268292,65
d_com032,float64,2832,3728,56.82926829268292,89
fromchildren,float64,2839,3721,56.72256097560976,208
emp,float64,2863,3697,56.35670731707317,4
earned,float64,2872,3688,56.21951219512196,266
c124m,float64,2914,3646,55.579268292682926,14
c124y,float64,2914,3646,55.579268292682926,68
d_com096,float64,2975,3585,54.64939024390244,42
transferfrom,float64,2991,3569,54.40548780487805,222
financialasset,float64,3323,3237,49.34451219512195,622
residence,float64,3429,3131,47.728658536585364,150
labor_st,float64,3451,3109,47.39329268292683,3
retired,float64,3451,3109,47.39329268292683,3
livewith,float64,3608,2952,45.0,5
realestate,float64,3639,2921,44.52743902439024,225
job_search,float64,3728,2832,43.170731707317074,2
contact2,float64,3732,2828,43.109756097560975,8
ba075,float64,3744,2816,42.926829268292686,2
c303,float64,3800,2760,42.073170731707314,3
c068,float64,3806,2754,41.981707317073166,3
a035_02,float64,3857,2703,41.204268292682926,10
c109,float64,3965,2595,39.55792682926829,5
c102,float64,4103,2457,37.45426829268293,2
g007,float64,4152,2408,36.70731707317073,11
passets,float64,5142,1418,21.615853658536587,1168
oopm2,float64,5158,1402,21.371951219512194,351
residence_,float64,5214,1346,20.518292682926827,2
pnetassets,float64,5273,1287,19.618902439024392,1300
pinc,float64,5283,1277,19.46646341463415,1292
g028,float64,5426,1134,17.286585365853657,11
c302,float64,6193,367,5.594512195121951,3
c305,float64,6193,367,5.594512195121951,5
c306,float64,6193,367,5.594512195121951,55
mgrip,float64,6195,365,5.564024390243903,308
g029,float64,6412,148,2.2560975609756095,11
bmi,float64,6435,125,1.9054878048780488,1004
c142,float64,6518,42,0.6402439024390244,4
c143,float64,6518,42,0.6402439024390244,4
c144,float64,6518,42,0.6402439024390244,4
c145,float64,6518,42,0.6402439024390244,4
c146,float64,6518,42,0.6402439024390244,4
c147,float64,6518,42,0.6402439024390244,4
c148,float64,6518,42,0.6402439024390244,4
c149,float64,6518,42,0.6402439024390244,4
c150,float64,6518,42,0.6402439024390244,4
c151,float64,6518,42,0.6402439024390244,4
c081,float64,6540,20,0.3048780487804878,2
edu,float64,6557,3,0.04573170731707318,4
mniw_y,int64,6560,0,0.0,1
a003,int64,6560,0,0.0,2
ba_resp,int64,6560,0,0.0,2
bb_adl1,int64,6560,0,0.0,2
bb_adl2,int64,6560,0,0.0,2
bb_adl3,int64,6560,0,0.0,2
c003,int64,6560,0,0.0,2
c056,int64,6560,0,0.0,2
c082,int64,6560,0,0.0,2
c085,int64,6560,0,0.0,2
c108,int64,6560,0,0.0,2
c313,int64,6560,0,0.0,2
c343,int64,6560,0,0.0,2
c346,int64,6560,0,0.0,2
c550,int64,6560,0,0.0,2
chronic_a,int64,6560,0,0.0,2
chronic_b,int64,6560,0,0.0,2
chronic_c,int64,6560,0,0.0,2
chronic_d,int64,6560,0,0.0,2
chronic_f,int64,6560,0,0.0,2
chronic_h,int64,6560,0,0.0,2
chronic_i,int64,6560,0,0.0,2
ea_resp,int64,6560,0,0.0,2
enu_type,int64,6560,0,0.0,2
gender1,int64,6560,0,0.0,2
present_labor,int64,6560,0,0.0,2
region2,int64,6560,0,0.0,2
incident_liver_disease_10y,int64,6560,0,0.0,2
alc,int64,6560,0,0.0,3
c201,int64,6560,0,0.0,3
c202,int64,6560,0,0.0,3
c203,int64,6560,0,0.0,3
c204,int64,6560,0,0.0,3
c205,int64,6560,0,0.0,3
c206,int64,6560,0,0.0,3
c207,int64,6560,0,0.0,3
c208,int64,6560,0,0.0,3
c209,int64,6560,0,0.0,3
c210,int64,6560,0,0.0,3
c211,int64,6560,0,0.0,3
c212,int64,6560,0,0.0,3
c213,int64,6560,0,0.0,3
c214,int64,6560,0,0.0,3
c215,int64,6560,0,0.0,3
c216,int64,6560,0,0.0,3
c217,int64,6560,0,0.0,3
chronic_g,int64,6560,0,0.0,3
present_ecotype,int64,6560,0,0.0,3
region3,int64,6560,0,0.0,3
smoke,int64,6560,0,0.0,3
bp1,int64,6560,0,0.0,4
c005,int64,6560,0,0.0,4
c301,int64,6560,0,0.0,4
c310,int64,6560,0,0.0,4
c001,int64,6560,0,0.0,5
c106,int64,6560,0,0.0,5
c152,int64,6560,0,0.0,5
fam1,int64,6560,0,0.0,5
marital,int64,6560,0,0.0,5
mniw_m,int64,6560,0,0.0,5
a030,int64,6560,0,0.0,6
panel_n,int64,6560,0,0.0,6
chronic_sum,int64,6560,0,0.0,7
ecoact_s,int64,6560,0,0.0,7
edu_s,int64,6560,0,0.0,7
f001type,int64,6560,0,0.0,7
adl,int64,6560,0,0.0,8
a032,int64,6560,0,0.0,10
ba003,int64,6560,0,0.0,10
c318,int64,6560,0,0.0,10
hhsize,int64,6560,0,0.0,10
g026,int64,6560,0,0.0,11
g027,int64,6560,0,0.0,11
g030,int64,6560,0,0.0,11
iadl,int64,6560,0,0.0,11
a002m,int64,6560,0,0.0,12
s_sum,int64,6560,0,0.0,14
region1,int64,6560,0,0.0,15
c340,int64,6560,0,0.0,18
ba068,int64,6560,0,0.0,24
c333,int64,6560,0,0.0,29
mniw_d,int64,6560,0,0.0,31
c330,int64,6560,0,0.0,36
c334,int64,6560,0,0.0,43
c107,int64,6560,0,0.0,47
a002_age,int64,6560,0,0.0,48
a002y,int64,6560,0,0.0,48
c337,int64,6560,0,0.0,62
year2,int64,6560,0,0.0,62
c105,int64,6560,0,0.0,70
hhinc,int64,6560,0,0.0,263
wgt_c,float64,6560,0,0.0,930
pid,int64,6560,0,0.0,6560
