,tipo,nulos_totales,porcentaje_nulos,valores_unicos_observados
g013,float64,6560,100.0,0
g014,float64,6559,99.98475609756098,1
a035_07,float64,6559,99.98475609756098,1
industrial,float64,6556,99.9390243902439,3
businessfarm,float64,6555,99.92378048780488,5
unemployment,float64,6549,99.83231707317073,9
personal,float64,6545,99.77134146341463,15
d_com108,float64,6540,99.6951219512195,6
size_c,float64,6536,99.63414634146342,9
d_com102,float64,6526,99.48170731707317,16
g012,float64,6525,99.46646341463415,9
d_com101,float64,6525,99.46646341463415,17
bb_adl_num3,float64,6522,99.42073170731707,1
d_com098,float64,6519,99.375,2
a035_06,float64,6516,99.32926829268293,8
exploit,float64,6509,99.22256097560975,25
d_com060,float64,6508,99.20731707317073,2
c024m,float64,6508,99.20731707317073,12
other,float64,6503,99.13109756097562,32
c044m,float64,6501,99.10060975609755,12
d_com138,float64,6495,99.00914634146342,5
d_com093,float64,6493,98.97865853658536,3
d_com095,float64,6493,98.97865853658536,19
l_sum,float64,6484,98.84146341463415,3
realestateinc,float64,6476,98.71951219512195,40
c064m,float64,6474,98.6890243902439,12
c135,float64,6469,98.61280487804878,8
c039m,float64,6468,98.59756097560975,12
c133,float64,6461,98.49085365853658,11
c017m,float64,6461,98.49085365853658,12
c024y,float64,6457,98.42987804878048,35
pensionins,float64,6456,98.41463414634146,94
d_com110,float64,6456,98.41463414634146,8
d_com107,float64,6455,98.39939024390245,2
guarantee,float64,6448,98.29268292682927,45
sideline,float64,6447,98.27743902439025,34
c044y,float64,6434,98.07926829268293,23
fromothers,float64,6429,98.0030487804878,43
d_com105,float64,6426,97.95731707317074,2
c034m,float64,6424,97.92682926829268,12
c017y,float64,6419,97.85060975609755,23
d_com125,float64,6418,97.83536585365854,3
d_com137,float64,6417,97.8201219512195,5
d_com118,float64,6417,97.8201219512195,6
d_com130,float64,6417,97.8201219512195,22
g011,float64,6416,97.80487804878048,11
c039y,float64,6410,97.71341463414635,22
fromparent,float64,6409,97.69817073170731,18
c064y,float64,6399,97.54573170731707,20
d_com106,float64,6398,97.53048780487805,2
particular,float64,6397,97.51524390243902,57
d_com015,float64,6380,97.2560975609756,28
d_com068,float64,6377,97.21036585365853,2
a035_05,float64,6354,96.85975609756098,9
toothers,float64,6328,96.46341463414633,36
d_com104,float64,6293,95.9298780487805,2
c034y,float64,6286,95.82317073170732,25
wholelifeins,float64,6279,95.71646341463415,213
house_sum,float64,6272,95.60975609756098,64
c012m,float64,6232,95.0,12
c309,float64,6202,94.54268292682927,2
a035_03,float64,6191,94.375,10
bp1_2,float64,6160,93.90243902439023,3
regularins,float64,6149,93.73475609756098,338
g010,float64,6147,93.70426829268293,11
d_com025,float64,6111,93.15548780487805,15
c131,float64,6095,92.91158536585365,15
bb_adl_num2,float64,6074,92.59146341463415,5
bb_adl_num1,float64,6074,92.59146341463415,5
f013_n,float64,6073,92.57621951219512,65
c049m,float64,6044,92.13414634146342,12
d_com139m,float64,6002,91.49390243902438,12
bp5,float64,5991,91.32621951219512,10
bp3,float64,5991,91.32621951219512,3
bp4,float64,5991,91.32621951219512,4
bp6,float64,5991,91.32621951219512,10
g003,float64,5948,90.67073170731707,11
agriculture,float64,5938,90.51829268292683,59
national,float64,5927,90.35060975609757,89
oopm1,float64,5926,90.33536585365853,73
n_days,float64,5898,89.90853658536585,51
c012y,float64,5896,89.8780487804878,36
insurance,float64,5892,89.8170731707317,484
target1,float64,5883,89.6798780487805,2
g004,float64,5866,89.42073170731707,11
socialwelfare,float64,5791,88.27743902439025,32
g009,float64,5790,88.26219512195121,11
financial,float64,5786,88.20121951219512,47
annuity,float64,5780,88.10975609756098,126
tochildren,float64,5745,87.57621951219512,113
assetinc,float64,5728,87.3170731707317,85
c007m,float64,5715,87.1189024390244,12
socialsecurity,float64,5665,86.35670731707317,88
d_com145,float64,5653,86.17378048780488,7
c124m,float64,5641,85.99085365853658,12
toparent,float64,5614,85.57926829268293,52
c049y,float64,5538,84.42073170731707,39
g008,float64,5515,84.0701219512195,11
selfemployed,float64,5509,83.97865853658537,79
d_com139y,float64,5472,83.41463414634146,40
d_com142,float64,5469,83.3689024390244,11
d_com157,float64,5462,83.26219512195122,2
d_com140,float64,5462,83.26219512195122,12
d_com149,float64,5462,83.26219512195122,2
d_com144,float64,5462,83.26219512195122,2
c129,float64,5396,82.2560975609756,21
d_com037,float64,5355,81.6310975609756,60
bm4,float64,5312,80.97560975609757,4
bm5,float64,5312,80.97560975609757,10
bm6,float64,5312,80.97560975609757,10
bm3,float64,5312,80.97560975609757,3
d_com052,float64,5300,80.79268292682927,93
d_com057,float64,5275,80.41158536585365,4
d_com053,float64,5274,80.39634146341463,4
d_com081,float64,5274,80.39634146341463,4
d_com055,float64,5274,80.39634146341463,2
d_com014,float64,5273,80.38109756097562,2
d_com054,float64,5273,80.38109756097562,3
d_com082,float64,5273,80.38109756097562,4
d_com049,float64,5273,80.38109756097562,8
d_com024,float64,5273,80.38109756097562,2
full_parttime,float64,5273,80.38109756097562,2
d_com056,float64,5273,80.38109756097562,2
d_com066,float64,5273,80.38109756097562,2
wage,float64,5229,79.71036585365854,163
a035_04,float64,5120,78.04878048780488,10
d_com001,float64,5104,77.8048780487805,7
size_n,float64,5083,77.48475609756098,106
publictrans,float64,5065,77.21036585365853,197
job_startm,float64,5052,77.01219512195122,12
pliabilities,float64,5033,76.72256097560975,174
a035_01,float64,4997,76.17378048780488,10
otherasset,float64,4980,75.91463414634147,74
livenear,float64,4954,75.51829268292683,7
c007y,float64,4866,74.17682926829269,38
transferto,float64,4861,74.10060975609755,201
contact1,float64,4821,73.49085365853658,6
c127,float64,4397,67.02743902439025,27
bp1_1,float64,4353,66.35670731707317,2
c312,float64,4179,63.70426829268293,55
c304,float64,4168,63.53658536585366,2
c311,float64,4144,63.170731707317074,11
d_com084,float64,3994,60.88414634146342,4
d_com085,float64,3994,60.88414634146342,4
c126,float64,3988,60.792682926829265,8
c130,float64,3987,60.77743902439025,7
c134,float64,3987,60.77743902439025,7
c132,float64,3987,60.77743902439025,5
c128,float64,3987,60.77743902439025,7
addic,float64,3987,60.77743902439025,3
c112,float64,3965,60.4420731707317,29
c111,float64,3965,60.4420731707317,14
livewithnm,float64,3933,59.95426829268292,4
c124y,float64,3870,58.993902439024396,66
job,float64,3817,58.1859756097561,10
chronic_j,float64,3813,58.12500000000001,2
ind,float64,3806,58.018292682926834,20
job_starty,float64,3804,57.98780487804878,64
earned,float64,3782,57.65243902439025,264
fromchildren,float64,3743,57.05792682926829,207
d_com031,float64,3738,56.98170731707317,7
d_com076,float64,3735,56.9359756097561,4
d_com074,float64,3735,56.9359756097561,4
status,float64,3735,56.9359756097561,5
d_com090,float64,3735,56.9359756097561,5
d_com089,float64,3735,56.9359756097561,4
d_com075,float64,3735,56.9359756097561,4
d_com078,float64,3735,56.9359756097561,4
d_com079,float64,3735,56.9359756097561,4
d_com097,float64,3735,56.9359756097561,2
d_com080,float64,3735,56.9359756097561,4
d_com092,float64,3735,56.9359756097561,6
d_com077,float64,3735,56.9359756097561,4
d_com073,float64,3735,56.9359756097561,4
d_com032,float64,3734,56.920731707317074,87
financialasset,float64,3706,56.49390243902439,621
emp,float64,3697,56.35670731707317,4
d_com096,float64,3605,54.954268292682926,41
transferfrom,float64,3595,54.80182926829268,221
residence,float64,3451,52.60670731707317,149
realestate,float64,3311,50.47256097560976,223
retired,float64,3109,47.39329268292683,3
labor_st,float64,3109,47.39329268292683,3
livewith,float64,2952,45.0,5
job_search,float64,2832,43.170731707317074,2
contact2,float64,2828,43.109756097560975,8
ba075,float64,2816,42.926829268292686,2
c068,float64,2762,42.103658536585364,2
c303,float64,2761,42.088414634146346,2
a035_02,float64,2703,41.204268292682926,10
c109,float64,2595,39.55792682926829,5
c102,float64,2457,37.45426829268293,2
g007,float64,2408,36.70731707317073,11
c306,float64,2356,35.91463414634146,53
passets,float64,2243,34.19207317073171,1167
pnetassets,float64,2135,32.545731707317074,1298
pinc,float64,1552,23.65853658536585,1290
oopm2,float64,1489,22.698170731707318,350
residence_,float64,1346,20.518292682926827,2
g028,float64,1134,17.286585365853657,11
hhinc,float64,431,6.570121951219512,261
ecoact_s,float64,375,5.716463414634147,5
c302,float64,368,5.609756097560976,2
c305,float64,367,5.594512195121951,5
mgrip,float64,365,5.564024390243903,308
edu_s,float64,356,5.426829268292683,5
g029,float64,148,2.2560975609756095,11
bmi,float64,125,1.9054878048780488,1004
c107,float64,115,1.753048780487805,45
c149,float64,42,0.6402439024390244,4
c146,float64,42,0.6402439024390244,4
c150,float64,42,0.6402439024390244,4
c143,float64,42,0.6402439024390244,4
c144,float64,42,0.6402439024390244,4
c145,float64,42,0.6402439024390244,4
c147,float64,42,0.6402439024390244,4
c148,float64,42,0.6402439024390244,4
c142,float64,42,0.6402439024390244,4
c105,float64,42,0.6402439024390244,68
c151,float64,42,0.6402439024390244,4
year2,float64,39,0.5945121951219512,61
c081,float64,20,0.3048780487804878,2
s_sum,float64,16,0.24390243902439024,12
c301,float64,8,0.12195121951219512,2
ba068,float64,8,0.12195121951219512,22
c337,float64,6,0.09146341463414635,61
c310,float64,5,0.07621951219512195,2
edu,float64,3,0.04573170731707318,4
f001type,float64,3,0.04573170731707318,5
c330,float64,2,0.03048780487804878,35
c340,float64,1,0.01524390243902439,17
a002y,int64,0,0.0,48
a003,int64,0,0.0,2
a030,int64,0,0.0,6
a002m,int64,0,0.0,12
c550,int64,0,0.0,2
c346,int64,0,0.0,2
c343,int64,0,0.0,2
c333,int64,0,0.0,29
c334,int64,0,0.0,43
chronic_sum,int64,0,0.0,7
a032,int64,0,0.0,10
alc,int64,0,0.0,3
adl,int64,0,0.0,8
smoke,int64,0,0.0,3
a002_age,int64,0,0.0,48
chronic_f,int64,0,0.0,2
chronic_d,int64,0,0.0,2
chronic_c,int64,0,0.0,2
chronic_b,int64,0,0.0,2
chronic_a,int64,0,0.0,2
fam1,int64,0,0.0,5
enu_type,int64,0,0.0,2
c203,int64,0,0.0,3
c207,int64,0,0.0,3
c208,int64,0,0.0,3
c202,int64,0,0.0,3
c201,int64,0,0.0,3
c204,int64,0,0.0,3
c205,int64,0,0.0,3
c206,int64,0,0.0,3
c214,int64,0,0.0,3
c152,int64,0,0.0,5
chronic_i,int64,0,0.0,2
c217,int64,0,0.0,3
c215,int64,0,0.0,3
c216,int64,0,0.0,3
c313,int64,0,0.0,2
c318,int64,0,0.0,10
chronic_h,int64,0,0.0,2
chronic_g,int64,0,0.0,3
ea_resp,int64,0,0.0,2
c210,int64,0,0.0,3
c209,int64,0,0.0,3
c211,int64,0,0.0,3
c212,int64,0,0.0,3
c213,int64,0,0.0,3
c082,int64,0,0.0,2
c003,int64,0,0.0,2
c001,int64,0,0.0,5
bp1,int64,0,0.0,4
hhsize,int64,0,0.0,10
iadl,int64,0,0.0,11
c056,int64,0,0.0,2
c106,int64,0,0.0,5
c108,int64,0,0.0,2
gender1,int64,0,0.0,2
g030,int64,0,0.0,11
g026,int64,0,0.0,11
g027,int64,0,0.0,11
c085,int64,0,0.0,2
mniw_d,int64,0,0.0,31
marital,int64,0,0.0,5
c005,int64,0,0.0,4
bb_adl3,int64,0,0.0,2
bb_adl2,int64,0,0.0,2
bb_adl1,int64,0,0.0,2
ba_resp,int64,0,0.0,2
ba003,int64,0,0.0,10
mniw_m,int64,0,0.0,5
mniw_y,int64,0,0.0,1
panel_n,int64,0,0.0,6
region3,int64,0,0.0,3
region2,int64,0,0.0,2
region1,int64,0,0.0,15
present_labor,int64,0,0.0,2
present_ecotype,int64,0,0.0,3
wgt_c,float64,0,0.0,930
pid,int64,0,0.0,6560
incident_liver_disease_10y,int64,0,0.0,2
