variable,codigo_sospechoso,frecuencia,porcentaje
a002_age,97,1,0.01524390243902439
a030,97,55,0.8384146341463415
agriculture,-9,15,0.22865853658536583
agriculture,-8,4,0.06097560975609756
annuity,-8,3,0.04573170731707318
annuity,99,1,0.01524390243902439
assetinc,-9,156,2.3780487804878048
ba068,-9,6,0.09146341463414635
ba068,-8,2,0.03048780487804878
businessfarm,-9,1,0.01524390243902439
c007m,-9,871,13.277439024390244
c007m,-8,1,0.01524390243902439
c007y,-9,22,0.3353658536585366
c007y,-8,1,0.01524390243902439
c012m,-9,345,5.259146341463414
c012y,-9,9,0.1371951219512195
c017m,-9,42,0.6402439024390244
c024m,-9,56,0.853658536585366
c024y,-9,5,0.07621951219512195
c034m,-9,145,2.2103658536585367
c034y,-9,7,0.10670731707317074
c039m,-9,59,0.8993902439024389
c039y,-9,1,0.01524390243902439
c044m,-9,71,1.0823170731707317
c044y,-9,4,0.06097560975609756
c049m,-9,536,8.170731707317074
c049y,-9,30,0.45731707317073167
c064m,-9,75,1.1432926829268293
c068,-8,8,0.12195121951219512
c105,-9,39,0.5945121951219512
c105,-8,3,0.04573170731707318
c105,97,1,0.01524390243902439
c105,98,1,0.01524390243902439
c107,-9,113,1.7225609756097562
c107,-8,2,0.03048780487804878
c124m,-9,1994,30.396341463414632
c124m,-8,1,0.01524390243902439
c124y,-9,223,3.399390243902439
c124y,-8,1,0.01524390243902439
c126,-9,1,0.01524390243902439
c127,-9,1,0.01524390243902439
c301,-9,6,0.09146341463414635
c301,-8,2,0.03048780487804878
c302,-9,1,0.01524390243902439
c303,-9,1,0.01524390243902439
c306,-9,1960,29.878048780487802
c306,-8,29,0.44207317073170727
c309,-9,1,0.01524390243902439
c310,-9,4,0.06097560975609756
c310,-8,1,0.01524390243902439
c311,-9,3,0.04573170731707318
c312,-9,34,0.5182926829268293
c312,-8,4,0.06097560975609756
c330,-9,2,0.03048780487804878
c337,-9,6,0.09146341463414635
c340,-9,1,0.01524390243902439
chronic_j,-8,7,0.10670731707317074
d_com001,-9,82,1.25
d_com014,-8,7,0.10670731707317074
d_com015,-9,8,0.12195121951219512
d_com015,-8,11,0.1676829268292683
d_com024,-8,7,0.10670731707317074
d_com025,-9,4,0.06097560975609756
d_com025,-8,1,0.01524390243902439
d_com031,-9,4,0.06097560975609756
d_com031,-8,6,0.09146341463414635
d_com032,-9,4,0.06097560975609756
d_com032,-8,2,0.03048780487804878
d_com032,98,6,0.09146341463414635
d_com037,-9,47,0.7164634146341464
d_com037,-8,27,0.41158536585365857
d_com049,-9,7,0.10670731707317074
d_com052,-9,5,0.07621951219512195
d_com052,-8,29,0.44207317073170727
d_com052,98,1,0.01524390243902439
d_com053,-9,8,0.12195121951219512
d_com054,-9,7,0.10670731707317074
d_com055,-9,8,0.12195121951219512
d_com056,-9,7,0.10670731707317074
d_com057,-9,8,0.12195121951219512
d_com057,-8,1,0.01524390243902439
d_com066,-9,7,0.10670731707317074
d_com073,-9,7,0.10670731707317074
d_com074,-9,7,0.10670731707317074
d_com075,-9,7,0.10670731707317074
d_com076,-9,7,0.10670731707317074
d_com077,-9,7,0.10670731707317074
d_com078,-9,7,0.10670731707317074
d_com079,-9,7,0.10670731707317074
d_com080,-9,7,0.10670731707317074
d_com081,-9,8,0.12195121951219512
d_com082,-9,7,0.10670731707317074
d_com084,-9,7,0.10670731707317074
d_com085,-9,7,0.10670731707317074
d_com089,-9,7,0.10670731707317074
d_com090,-9,7,0.10670731707317074
d_com092,-9,7,0.10670731707317074
d_com093,-9,8,0.12195121951219512
d_com095,-9,7,0.10670731707317074
d_com095,-8,1,0.01524390243902439
d_com096,-9,20,0.3048780487804878
d_com096,97,1,0.01524390243902439
d_com101,-9,3,0.04573170731707318
d_com102,-9,3,0.04573170731707318
d_com102,-8,1,0.01524390243902439
d_com125,-9,1,0.01524390243902439
d_com139m,-9,540,8.231707317073171
d_com139y,-9,10,0.1524390243902439
d_com142,-9,2,0.03048780487804878
d_com142,-8,5,0.07621951219512195
earned,-9,41,0.625
earned,-8,53,0.8079268292682927
ecoact_s,-9,39,0.5945121951219512
ecoact_s,-8,336,5.121951219512195
ecoact_s,97,2,0.03048780487804878
edu_s,-9,39,0.5945121951219512
edu_s,-8,317,4.8323170731707314
exploit,-8,1,0.01524390243902439
f001type,-9,2,0.03048780487804878
f001type,-8,1,0.01524390243902439
f013_n,-9,9,0.1371951219512195
f013_n,-8,14,0.2134146341463415
financial,-9,88,1.3414634146341464
financial,-8,68,1.0365853658536586
financialasset,-9,469,7.149390243902438
financialasset,99,1,0.01524390243902439
fromchildren,-9,22,0.3353658536585366
fromothers,-9,3,0.04573170731707318
fromparent,-9,2,0.03048780487804878
full_parttime,-8,7,0.10670731707317074
hhinc,-9,142,2.1646341463414633
hhinc,-8,289,4.405487804878049
house_sum,-9,7,0.10670731707317074
house_sum,-8,14,0.2134146341463415
ind,-9,75,1.1432926829268293
ind,-8,3,0.04573170731707318
insurance,-9,11,0.1676829268292683
insurance,99,1,0.01524390243902439
job,-9,78,1.1890243902439024
job,-8,11,0.1676829268292683
job_startm,-9,1318,20.09146341463415
job_startm,-8,6,0.09146341463414635
job_starty,-9,76,1.1585365853658536
n_days,-9,1,0.01524390243902439
national,-8,3,0.04573170731707318
national,99,1,0.01524390243902439
oopm1,-9,29,0.44207317073170727
oopm1,98,1,0.01524390243902439
oopm1,99,1,0.01524390243902439
oopm2,-9,87,1.326219512195122
oopm2,97,4,0.06097560975609756
oopm2,98,4,0.06097560975609756
oopm2,9997,1,0.01524390243902439
other,-8,1,0.01524390243902439
otherasset,-9,44,0.6707317073170732
otherasset,-8,12,0.1829268292682927
passets,-9,825,12.576219512195122
passets,99,1,0.01524390243902439
pensionins,-9,4,0.06097560975609756
pinc,-9,228,3.4756097560975614
pinc,-8,47,0.7164634146341464
pinc,98,1,0.01524390243902439
pinc,99,4,0.06097560975609756
pliabilities,-9,20,0.3048780487804878
pliabilities,-8,45,0.6859756097560976
pnetassets,-9,803,12.240853658536585
pnetassets,-8,45,0.6859756097560976
pnetassets,99,1,0.01524390243902439
pnetassets,9999,1,0.01524390243902439
publictrans,-9,7,0.10670731707317074
publictrans,99,1,0.01524390243902439
realestate,-9,375,5.716463414634147
realestate,-8,15,0.22865853658536583
regularins,-9,7,0.10670731707317074
regularins,99,1,0.01524390243902439
residence,-9,320,4.878048780487805
s_sum,-9,5,0.07621951219512195
s_sum,-8,11,0.1676829268292683
selfemployed,-9,17,0.25914634146341464
selfemployed,-8,18,0.274390243902439
sideline,-9,1,0.01524390243902439
sideline,-8,2,0.03048780487804878
size_c,-9,96,1.4634146341463417
size_c,-8,5,0.07621951219512195
size_n,-9,121,1.8445121951219512
size_n,-8,5,0.07621951219512195
socialsecurity,-9,4,0.06097560975609756
socialwelfare,-9,2,0.03048780487804878
status,-8,7,0.10670731707317074
tochildren,-9,9,0.1371951219512195
toothers,-9,16,0.24390243902439024
toparent,-9,5,0.07621951219512195
transferfrom,-9,26,0.39634146341463417
transferto,-9,11,0.1676829268292683
unemployment,-8,1,0.01524390243902439
wage,-9,9,0.1371951219512195
wage,-8,30,0.45731707317073167
wholelifeins,-9,4,0.06097560975609756
year2,-9,39,0.5945121951219512
